--INSERTION

-- Products
INSERT INTO Products VALUES
('Quick Drying Casual Long Pants Men Trousers M-5XL','Conwe.sg','Mens Wear'),
('Lapel Loose Turn-Down-Collar Long Sleeve Casual','Zanzea','Womens Apparel'),
('Apple AirPods Pro (w Magsafe Wireless Charging) 2021','apple.flagshipstore','Mobile & Gadgets'),
('Premier 3ply Deluxe Bathroom Tissue 200pc, 10 rolls','shopeesupermarket.sg','Home & Living'),
('LEGO Police Helicopter Chase Playset','LEGO','Toys, Kinds and Babies'),
('Harmuni Vegetable Oil, Rspo, 5L (Halal)','shopeesupermarket.sg','Food & Beverages'),
('Man Polo Shirt Brand Summer Breatheable Cloth','Deyuanxin.sg','Mens Wear'),
('Kodomo Baby Powder Smooth Comfort','shopeesupermarket.sg','Toys, Kinds and Babies'),
('Lango 10000mAh Powerbank','premiumsg','Mobile & Gadgets'),
('Storage Drawer Home Organizer Plastic Container','easyhome.sg','Home & Living'),
('Samsung Galaxy S22 Ultra 2021','samsung.sg','Mobile & Gadgets'),
('Samsung Galaxy A80','samsung.sg','Mobile & Gadgets'),
('Samsung Galaxy Tab S7','samsung.sg','Mobile & Gadgets'),
('Apple iPhone Xs 2022','apple.flagshipstore','Mobile & Gadgets');


-- Shops

INSERT INTO Shops VALUES
('Diageo'),
('Epitex'),
('Tinec'),
('Nintendo'),
('Dibea'),
('Houze'),
('Mega'),
('Taylor'),
('Luca'),
('Sigma');


-- ProductInShops

INSERT INTO ProductInShops VALUES
('LEGO Police Helicopter Chase Playset','Diageo',28, 22),
('Quick Drying Casual Long Pants Men Trousers M-5XL','Diageo',16, 35),
('Apple iPhone Xs 2022','Dibea',43, 792),
('Samsung Galaxy Tab S7','Dibea',84, 1158),
('Samsung Galaxy S22 Ultra 2021','Epitex',7, 840),
('Harmuni Vegetable Oil, Rspo, 5L (Halal)','Epitex',69, 65),
('Samsung Galaxy Tab S7','Houze',29, 646),
('Apple iPhone Xs 2022','Houze',60, 932),
('Apple iPhone Xs 2022','Luca',43, 856),
('Lango 10000mAh Powerbank','Luca',54, 61),
('Apple iPhone Xs 2022','Mega',16, 1028),
('Apple AirPods Pro (w Magsafe Wireless Charging) 2021','Mega',93, 1146),
('Samsung Galaxy Tab S7','Nintendo',29, 1153),
('Kodomo Baby Powder Smooth Comfort','Nintendo',65, 9),
('Apple iPhone Xs 2022','Sigma',38, 760),
('Lango 10000mAh Powerbank','Sigma',77, 73),
('Premier 3ply Deluxe Bathroom Tissue 200pc, 10 rolls','Taylor',50, 52),
('Apple iPhone Xs 2022','Taylor',62, 854),
('Samsung Galaxy S22 Ultra 2021','Tinec',1, 905),
('Samsung Galaxy A80','Tinec',5, 700);


-- PriceHistory
INSERT INTO PriceHistory VALUES
(3,'2021-08-01','2021-08-31', 1000,'Apple iPhone Xs 2022','Dibea'),
(3,'2021-09-01','9999-12-31', 792,'Apple iPhone Xs 2022','Dibea'),
(8,'2021-08-01','2021-08-15', 950,'Apple iPhone Xs 2022','Houze'),
(8,'2021-08-16','2021-08-31', 900,'Apple iPhone Xs 2022','Houze'),
(8,'2021-09-01','9999-12-31', 932,'Apple iPhone Xs 2022','Houze'),
(9,'2021-07-01','2021-08-31', 1100,'Apple iPhone Xs 2022','Luca'),
(9,'2021-09-01','9999-12-31', 600,'Apple iPhone Xs 2022','Luca'),
(11,'2021-12-01','2021-12-31', 800,'Apple iPhone Xs 2022','Mega'),
(11,'2022-01-01','9999-12-31', 1028,'Apple iPhone Xs 2022','Mega'),
(18,'2021-08-01','2021-12-31', 750,'Apple iPhone Xs 2022','Taylor'),
(18,'2022-01-01','9999-12-31', 854,'Apple iPhone Xs 2022','Taylor'),
(15,'2021-05-01','2021-07-01', 990,'Apple iPhone Xs 2022','Sigma'),
(15,'2021-07-02','9999-12-31', 760,'Apple iPhone Xs 2022','Sigma'),
(1,'2021-05-01','9999-12-31', 22,'LEGO Police Helicopter Chase Playset','Diageo'),
(2,'2021-06-01','9999-12-31', 35,'Quick Drying Casual Long Pants Men Trousers M-5XL','Diageo'),
(4,'2021-07-01','9999-12-31', 1158,'Samsung Galaxy Tab S7','Dibea'),
(5,'2021-08-01','9999-12-31', 840,'Samsung Galaxy S22 Ultra 2021','Epitex'),
(6,'2021-09-01','9999-12-31', 65,'Harmuni Vegetable Oil, Rspo, 5L (Halal)','Epitex'),
(7,'2021-10-01','9999-12-31', 646,'Samsung Galaxy Tab S7','Houze'),
(10,'2021-11-01','9999-12-31', 61,'Lango 10000mAh Powerbank','Luca'),
(12,'2021-12-01','9999-12-31', 1146,'Apple AirPods Pro (w Magsafe Wireless Charging) 2021','Mega'),
(13,'2022-01-01','9999-12-31', 1153,'Samsung Galaxy Tab S7','Nintendo'),
(14,'2022-02-01','9999-12-31', 9,'Kodomo Baby Powder Smooth Comfort','Nintendo'),
(16,'2022-03-01','9999-12-31', 73,'Lango 10000mAh Powerbank','Sigma'),
(17,'2022-02-01','9999-12-31', 52,'Premier 3ply Deluxe Bathroom Tissue 200pc, 10 rolls','Taylor'),
(19,'2021-05-01','9999-12-31', 905,'Samsung Galaxy S22 Ultra 2021','Tinec'),
(20,'2021-06-01', DEFAULT, 700,'Samsung Galaxy A80','Tinec');


-- EMPLOYEES
INSERT INTO Employees(ID, name, salary) VALUES
('1','Alicia Summer','14524'),
('2','Allycia Elder','11475'),
('3','Saylor Peck','13186'),
('4','Cherette Sadler','14288'),
('5','Tang Fu Xuan','3297'),
('6','Ronda Foster','4634'),
('7','Tina Hubbard','12286'),
('8','Shena Armistead','1022'),
('9','Kennith Bella Abram','10852'),
('10','Tai Yawen Xie, Christine','3319');

-- Users
INSERT INTO Users(Uname) VALUES
('Mary'),
('Cathy'),
('Caleb'),
('Valerie'),
('Kate'),
('Jake'),
('Gabriel'),
('Andrew'),
('Janelle'),
('Marcus'),
('George'),
('Lea'),
('KS'),
('YZ'),
('Yuzie'),
('Leah'),
('Leanne'),
('Hyun'),
('Andre'),
('Russell'),
('Phileon'),
('Goh'),
('Lew'),
('Jian Fu '),
('Wanru'),
('Wanrui'),
('XinHui'),
('XinRui'),
('XinFu'),
('Youzi'),
('Bluez'),
('Redz'),
('Yozi'),
('Rainbow'),
('Kirk'),
('NTU'),
('NUS'),
('SMU'),
('Jax'),
('Lim'),
('Alex'),
('Alexis'),
('KZ'),
('KF'),
('Pavan'),
('Pava '),
('Phillips'),
('Phil'),
('Debbie'),
('Anne'),
('Annie'),
('Jamie'),
('Jacie'),
('Rena'),
('YiKai'),
('YK'),
('Joel'),
('Choy'),
('JiaXian'),
('Rose'),
('Ong'),
('Stella'),
('MinXuan'),
('Jenny'),
('Jen '),
('Dimitri'),
('JunXiang'),
('ZC'),
('XinHao'),
('zw'),
('Hendro'),
('ZhiWei'),
('Regine'),
('WanYun'),
('Chong Yu'),
('Kai'),
('Chin'),
('Kai Chin'),
('Edmund'),
('Kin Kou'),
('Wang'),
('Wong'),
('Ellen'),
('Karina'),
('Anthony'),
('Jie Hui'),
('JH'),
('Geoffrey'),
('Geoff'),
('Kelvin'),
('Soh'),
('Leon'),
('Leo '),
('Jenny '),
('Tan'),
('Lim'),
('Xin Hao'),
('He '),
('Reg'),
('Ninja'),
('Bot'),
('He'),
('Shi '),
('Min '),
('ShiMin'),
('Sweeney'),
('Dev '),
('Brandon'),
('Donki'),
('Don '),
('Andy '),
('Han Quan'),
('Xiao Qi'),
('Jonathon'),
('John'),
('Johny'),
('Wei'),
('Chao'),
('Kong'),
('Ben');

-- Orders
INSERT INTO Orders(OID, date_time, shipping_address, UserID) VALUES
(1,'2021-08-12','80 Genting Lane 04-03 Ruby Industrial Complex-genting Block', 1), 
(2,'2021-07-31','BLK 665 BUFFALO ROAD, #02-149', 2), 
(3,'2021-08-23','Skytech 2 Bukit Batok Street 24 #01-09', 3), 
(4,'2021-07-26','19 Defu Lane 10 01-308', 4), 
(11,'2021-04-03','26 Bayshore Road, 06-08', 5), 
(12,'2021-04-05','58, Amoy St', 6), 
(13,'2021-04-07','5068 Ang Mo Kio Industrial Park 2 #01-1415', 7), 
(14,'2021-04-09','Blk 46B Toh Tuck Road ,03-09', 8), 
(15,'2021-04-12','1815 Geylang Bahru 01-02', 9), 
(16,'2021-04-14','1091 Lower Delta Road 01-05', 10), 
(17,'2021-04-17','HDB Bedok 528 Bedok North Street 3 #16-528', 11), 
(18,'2021-04-19','511 Guillemard Road #02-12 Grandlink Square', 12), 
(19,'2021-04-24','Frankel Estate 685A East Coast Road', 13), 
(20,'2021-05-01','20 Havelock Rd #01-06', 14), 
(21,'2021-05-27','17 Hillview Avenue #01-1306', 15), 
(22,'2021-05-31','35 Jalan Pemimpin #06-02 WEDGE MOUNT INDUSTRIAL BUILDING', 16), 
(23,'2021-06-11','BLK 164 BT MERAH CENTRAL', 17), 
(24,'2021-06-23','728, Ang Mo Kio Ave 6, #01-4214', 18), 
(25,'2021-06-24','31 Shipyard Road', 19), 
(26,'2021-07-10','2 Lor 8 Geylang #01-01', 20), 
(27,'2021-07-12','1 Yishun Street 23 06-1', 21), 
(28,'2021-07-15','9 Jurong Town Hall Road #01-29 Ihub', 22), 
(29,'2021-07-26','180 Paya Lebar Road ,10-02 Yiguang Building', 23), 
(30,'2021-07-29','6A Duxton Hill', 24), 
(31,'2021-08-09','81 Genting Lane 04-03 Ruby Industrial Complex-genting Block', 25), 
(32,'2021-08-25','BLK 665 BUFFALO ROAD, #02-150', 26), 
(33,'2021-09-02','Skytech 2 Bukit Batok Street 24 #01-10', 27), 
(34,'2021-09-18','20 Defu Lane 10 01-308', 28), 
(35,'2021-09-21','27 Bayshore Road, 06-08', 29), 
(36,'2021-03-31','58, Amoy St', 30), 
(37,'2021-04-02','5069 Ang Mo Kio Industrial Park 2 #01-1415', 31), 
(38,'2021-04-05','Blk 46B Toh Tuck Road ,03-10', 32), 
(39,'2021-04-08','1816 Geylang Bahru 01-02', 33), 
(40,'2021-04-13','1092 Lower Delta Road 01-05', 34), 
(41,'2021-04-14','181 Paya Lebar Road ,10-02 Yiguang Building', 35), 
(42,'2021-05-03','23 Malacca Street 14-02 Royal Brothers Building', 36), 
(43,'2021-05-05','172 Tras Street 08-173 Union Building', 37), 
(44,'2021-05-09','UOB - Junction 8 Shopping Centre, 9 Bishan Place,', 38), 
(45,'2021-05-11','7 Napier Road #09-15 Gleneagles Medical Centre', 39), 
(46,'2021-06-02','10 Joo Koon Road', 40), 
(47,'2021-06-05','HDB Bedok 528 Bedok North Street 3 #16-529', 41), 
(48,'2021-06-11','512 Guillemard Road #02-12 Grandlink Square', 42), 
(49,'2021-06-16','Frankel Estate 685A East Coast Road', 43), 
(50,'2021-06-25','21 Havelock Rd #01-06', 44), 
(51,'2021-07-03','18 Hillview Avenue #01-1306', 45), 
(52,'2021-07-17','36 Jalan Pemimpin #06-02 WEDGE MOUNT INDUSTRIAL BUILDING', 46), 
(53,'2021-07-22','BLK 164 BT MERAH CENTRAL', 47), 
(54,'2021-08-25','728, Ang Mo Kio Ave 6, #01-4215', 48), 
(55,'2021-08-29','32 Shipyard Road', 49), 
(56,'2021-09-01','3 Lor 8 Geylang #01-01', 50), 
(57,'2021-09-03','2 Yishun Street 23 06-1', 51), 
(58,'2021-09-11','10 Jurong Town Hall Road #01-29 Ihub', 52), 
(59,'2021-09-13','181 Paya Lebar Road ,10-02 Yiguang Building', 53), 
(60,'2021-09-20','6A Duxton Hill', 54), 
(61,'2021-04-04','82 Genting Lane 04-03 Ruby Industrial Complex-genting Block', 55), 
(62,'2021-04-11','BLK 665 BUFFALO ROAD, #02-151', 56), 
(63,'2021-04-15','Skytech 2 Bukit Batok Street 24 #01-11', 57), 
(64,'2021-04-16','21 Defu Lane 10 01-308', 58), 
(65,'2021-05-07','28 Bayshore Road, 06-08', 59), 
(66,'2021-05-11','58, Amoy St', 60), 
(67,'2021-05-18','5070 Ang Mo Kio Industrial Park 2 #01-1415', 61), 
(68,'2021-05-22','Blk 46B Toh Tuck Road ,03-11', 62), 
(69,'2021-05-26','1817 Geylang Bahru 01-02', 63), 
(70,'2021-05-29','1093 Lower Delta Road 01-05', 64), 
(71,'2021-06-07','182 Paya Lebar Road ,10-02 Yiguang Building', 65), 
(72,'2021-06-11','24 Malacca Street 14-02 Royal Brothers Building', 66), 
(73,'2021-06-17','173 Tras Street 08-173 Union Building', 67), 
(74,'2021-06-27','UOB - Junction 8 Shopping Centre, 9 Bishan Place,', 68), 
(75,'2021-06-29','8 Napier Road #09-15 Gleneagles Medical Centre', 69), 
(76,'2021-06-30','11 Joo Koon Road', 70), 
(77,'2021-07-09','HDB Bedok 528 Bedok North Street 3 #16-530', 71), 
(78,'2021-07-15','513 Guillemard Road #02-12 Grandlink Square', 72), 
(79,'2021-07-19','Frankel Estate 685A East Coast Road', 73), 
(80,'2021-07-25','22 Havelock Rd #01-06', 74), 
(81,'2021-07-28','19 Hillview Avenue #01-1306', 75), 
(82,'2021-08-02','37 Jalan Pemimpin #06-02 WEDGE MOUNT INDUSTRIAL BUILDING', 76), 
(83,'2021-08-12','BLK 164 BT MERAH CENTRAL', 77), 
(84,'2021-09-04','728, Ang Mo Kio Ave 6, #01-4216', 78), 
(85,'2021-09-20','33 Shipyard Road', 79), 
(86,'2021-03-27','4 Lor 8 Geylang #01-01', 80), 
(87,'2021-04-13','3 Yishun Street 23 06-1', 81), 
(88,'2021-04-30','11 Jurong Town Hall Road #01-29 Ihub', 82), 
(89,'2021-05-22','182 Paya Lebar Road ,10-02 Yiguang Building', 83), 
(90,'2021-05-29','6A Duxton Hill', 84), 
(91,'2021-06-01','83 Genting Lane 04-03 Ruby Industrial Complex-genting Block', 85), 
(92,'2021-06-16','BLK 665 BUFFALO ROAD, #02-152', 86), 
(93,'2021-06-17','Skytech 2 Bukit Batok Street 24 #01-12', 87), 
(94,'2021-06-18','22 Defu Lane 10 01-308', 88), 
(95,'2021-06-19','29 Bayshore Road, 06-08', 89), 
(96,'2021-06-27','58, Amoy St', 90), 
(97,'2021-08-01','5071 Ang Mo Kio Industrial Park 2 #01-1415', 91), 
(98,'2021-08-15','Blk 46B Toh Tuck Road ,03-12', 92), 
(99,'2021-08-17','1818 Geylang Bahru 01-02', 93), 
(100,'2021-07-29','1094 Lower Delta Road 01-05', 94), 
(101,'2021-08-02','183 Paya Lebar Road ,10-02 Yiguang Building', 95), 
(102,'2021-08-03','25 Malacca Street 14-02 Royal Brothers Building', 96), 
(103,'2021-08-06','174 Tras Street 08-173 Union Building', 97), 
(104,'2021-08-08','UOB - Junction 8 Shopping Centre, 9 Bishan Place,', 98), 
(105,'2021-08-10','9 Napier Road #09-15 Gleneagles Medical Centre', 99), 
(106,'2021-08-14','12 Joo Koon Road', 100), 
(107,'2021-08-17','HDB Bedok 528 Bedok North Street 3 #16-531', 101), 
(108,'2021-08-09','514 Guillemard Road #02-12 Grandlink Square', 102), 
(109,'2021-08-11','Frankel Estate 685A East Coast Road', 103), 
(110,'2021-08-14','23 Havelock Rd #01-06', 104), 
(111,'2021-07-25','20 Hillview Avenue #01-1306', 105), 
(112,'2021-08-08','38 Jalan Pemimpin #06-02 WEDGE MOUNT INDUSTRIAL BUILDING', 106), 
(113,'2021-08-09','BLK 164 BT MERAH CENTRAL', 107), 
(114,'2021-07-25','728, Ang Mo Kio Ave 6, #01-4217', 108), 
(115,'2021-07-25','34 Shipyard Road', 109), 
(116,'2021-07-26','5 Lor 8 Geylang #01-01', 110), 
(117,'2021-07-29','4 Yishun Street 23 06-1', 111), 
(118,'2021-07-30','12 Jurong Town Hall Road #01-29 Ihub', 112), 
(119,'2021-07-31','183 Paya Lebar Road ,10-02 Yiguang Building', 113), 
(120,'2021-08-01','6A Duxton Hill', 114), 
(121,'2021-08-02','80 Genting Lane 04-03 Ruby Industrial Complex-genting Block', 1), 
(122,'2021-08-03','BLK 665 BUFFALO ROAD, #02-149', 2), 
(123,'2021-08-05','Skytech 2 Bukit Batok Street 24 #01-09', 3), 
(124,'2021-08-06','19 Defu Lane 10 01-308', 4), 
(125,'2021-08-07','26 Bayshore Road, 06-08', 5), 
(126,'2021-08-08','58, Amoy St', 6), 
(127,'2021-08-09','5068 Ang Mo Kio Industrial Park 2 #01-1415', 7), 
(128,'2021-08-10','Blk 46B Toh Tuck Road ,03-09', 8), 
(129,'2021-08-11','1815 Geylang Bahru 01-02', 9), 
(130,'2021-08-13','1091 Lower Delta Road 01-05', 10), 
(131,'2021-08-14','HDB Bedok 528 Bedok North Street 3 #16-528', 11), 
(132,'2021-08-15','511 Guillemard Road #02-12 Grandlink Square', 12), 
(133,'2021-08-17','Frankel Estate 685A East Coast Road', 13), 
(134,'2021-08-18','20 Havelock Rd #01-06', 14), 
(135,'2021-08-19','17 Hillview Avenue #01-1306', 15), 
(136,'2021-08-20','35 Jalan Pemimpin #06-02 WEDGE MOUNT INDUSTRIAL BUILDING', 16), 
(137,'2021-08-22','BLK 164 BT MERAH CENTRAL', 17), 
(138,'2021-08-23','728, Ang Mo Kio Ave 6, #01-4214', 18), 
(139,'2021-08-24','31 Shipyard Road', 19), 
(140,'2021-07-25','2 Lor 8 Geylang #01-01', 20), 
(141,'2021-07-26','1 Yishun Street 23 06-1', 21), 
(142,'2021-07-27','9 Jurong Town Hall Road #01-29 Ihub', 22), 
(143,'2021-07-28','180 Paya Lebar Road ,10-02 Yiguang Building', 23), 
(144,'2021-08-03','6A Duxton Hill', 24), 
(145,'2021-07-30','81 Genting Lane 04-03 Ruby Industrial Complex-genting Block', 25), 
(146,'2021-07-31','BLK 665 BUFFALO ROAD, #02-150', 26), 
(147,'2021-08-01','Skytech 2 Bukit Batok Street 24 #01-10', 27), 
(148,'2021-08-02','20 Defu Lane 10 01-308', 28), 
(149,'2021-08-03','27 Bayshore Road, 06-08', 29), 
(150,'2021-08-05','58, Amoy St', 30), 
(151,'2021-08-06','5069 Ang Mo Kio Industrial Park 2 #01-1415', 31), 
(152,'2021-08-08','Blk 46B Toh Tuck Road ,03-10', 32), 
(153,'2021-08-09','1816 Geylang Bahru 01-02', 33), 
(154,'2021-08-10','1092 Lower Delta Road 01-05', 34), 
(155,'2021-08-13','181 Paya Lebar Road ,10-02 Yiguang Building', 35), 
(156,'2021-08-15','23 Malacca Street 14-02 Royal Brothers Building', 36), 
(157,'2021-08-16','172 Tras Street 08-173 Union Building', 37), 
(158,'2021-08-17','UOB - Junction 8 Shopping Centre, 9 Bishan Place,', 38), 
(159,'2021-08-18','7 Napier Road #09-15 Gleneagles Medical Centre', 39), 
(160,'2021-08-19','10 Joo Koon Road', 40), 
(161,'2021-08-20','HDB Bedok 528 Bedok North Street 3 #16-529', 41), 
(162,'2021-08-22','512 Guillemard Road #02-12 Grandlink Square', 42), 
(163,'2021-08-23','Frankel Estate 685A East Coast Road', 43), 
(164,'2021-08-24','21 Havelock Rd #01-06', 44), 
(165,'2021-07-25','18 Hillview Avenue #01-1306', 45), 
(166,'2021-07-26','36 Jalan Pemimpin #06-02 WEDGE MOUNT INDUSTRIAL BUILDING', 46), 
(167,'2021-07-27','BLK 164 BT MERAH CENTRAL', 47), 
(168,'2021-07-29','728, Ang Mo Kio Ave 6, #01-4215', 48), 
(169,'2021-07-30','32 Shipyard Road', 49), 
(170,'2021-07-31','3 Lor 8 Geylang #01-01', 50), 
(171,'2021-08-02','2 Yishun Street 23 06-1', 51), 
(172,'2021-08-03','10 Jurong Town Hall Road #01-29 Ihub', 52), 
(173,'2021-08-04','181 Paya Lebar Road ,10-02 Yiguang Building', 53), 
(174,'2021-08-05','6A Duxton Hill', 54), 
(175,'2021-08-06','82 Genting Lane 04-03 Ruby Industrial Complex-genting Block', 55), 
(176,'2021-08-07','BLK 665 BUFFALO ROAD, #02-151', 56), 
(177,'2021-08-09','Skytech 2 Bukit Batok Street 24 #01-11', 57), 
(178,'2021-08-11','21 Defu Lane 10 01-308', 58), 
(179,'2021-08-12','28 Bayshore Road, 06-08', 59), 
(180,'2021-08-13','58, Amoy St', 60);
(181,'2021-08-15','5070 Ang Mo Kio Industrial Park 2 #01-1415', 61), 
(182,'2021-07-28','Blk 46B Toh Tuck Road ,03-11', 62), 
(183,'2021-08-09','1817 Geylang Bahru 01-02', 63), 
(184,'2021-08-13','1093 Lower Delta Road 01-05', 64), 
(185,'2021-08-06','182 Paya Lebar Road ,10-02 Yiguang Building', 65), 
(186,'2021-07-25','24 Malacca Street 14-02 Royal Brothers Building', 66), 
(187,'2021-08-01','173 Tras Street 08-173 Union Building', 67), 
(188,'2021-08-04','UOB - Junction 8 Shopping Centre, 9 Bishan Place,', 68), 
(189,'2021-08-07','8 Napier Road #09-15 Gleneagles Medical Centre', 69), 
(190,'2021-08-10','11 Joo Koon Road', 70), 
(191,'2021-08-12','HDB Bedok 528 Bedok North Street 3 #16-530', 71), 
(192,'2021-07-28','513 Guillemard Road #02-12 Grandlink Square', 72), 
(193,'2021-08-01','Frankel Estate 685A East Coast Road', 73), 
(194,'2021-08-02','22 Havelock Rd #01-06', 74), 
(195,'2021-08-17','19 Hillview Avenue #01-1306', 75), 
(196,'2021-08-21','37 Jalan Pemimpin #06-02 WEDGE MOUNT INDUSTRIAL BUILDING', 76), 
(197,'2021-08-15','BLK 164 BT MERAH CENTRAL', 77), 
(198,'2021-08-05','728, Ang Mo Kio Ave 6, #01-4216', 78), 
(199,'2021-08-13','33 Shipyard Road', 79);

-- ProductInOrders
INSERT INTO ProductInOrders(OPID, Oprice, Oquantity, orderStatus, deliverDate, orderID, SPID) VALUES
    (91, 176.00, 8, 'delivered', '2021-08-08', 9, 1),
    (1691, 22.00, 1, 'delivered', '2021-08-23', 169, 1),
    (1321, 198.00, 9, 'delivered', '2021-08-25', 132, 1),
    (751, 88.00, 4, 'delivered', '2021-08-28', 75, 1),
    (991, 88.00, 4, 'delivered', '2021-08-06', 99, 1),
    (1012, 105.00, 3, 'delivered', '2021-04-06', 101, 2),
    (72, 175.00, 5, 'delivered', '2021-06-03', 7, 2),
    (1422, 210.00, 6, 'delivered', '2021-08-30', 142, 2),
    (23, 7128.00, 9, 'delivered', '2021-08-07', 2, 3),
    (1153, 5544.00, 7, 'delivered', '2021-08-07', 115, 3),
    (94, 1158.00, 1, 'delivered', '2021-08-08', 9, 4),
    (74, 3474.00, 3, 'delivered', '2021-06-03', 7, 4),
    (214, 4632.00, 4, 'delivered', '2021-08-02', 21, 4),
    (55, 840.00, 1, 'delivered', '2021-07-17', 5, 5),
    (85, 5040.00, 6, 'delivered', '2021-04-21', 8, 5),
    (105, 1680.00, 2, 'delivered', '2021-06-12', 10, 5),
    (515, 7560.00, 9, 'delivered', '2021-08-31', 51, 5),
    (1725, 2520.00, 3, 'delivered', '2021-08-09', 172, 5),
    (26, 390.00, 6, 'delivered', '2021-08-07', 2, 6),
    (648, 5592.00, 6, 'delivered', '2021-08-21', 64, 8),
    (518, 7456.00, 8, 'delivered', '2021-08-26', 51, 8),
    (1028, 7456.00, 8, 'delivered', '2021-08-08', 102, 8),
    (10310, 610.00, 10, 'delivered', '2021-08-29', 103, 10),
    (3110, 61.00, 1, 'delivered', '2021-08-04', 31, 10),
    (8811, 8224.00, 8, 'delivered', '2021-08-22', 88, 11),
    (112, 2292.00, 2, 'delivered', '2021-08-19', 1, 12),
    (212, 4584.00, 4, 'delivered', '2021-08-07', 2, 12),
    (312, 3438.00, 3, 'delivered', '2021-08-30', 3, 12),
    (412, 2292.00, 2, 'delivered', '2021-08-02', 4, 12),
    (1112, 1146.00, 1, 'delivered', '2021-04-10', 11, 12),
    (1212, 6876.00, 6, 'delivered', '2021-04-12', 12, 12),
    (1312, 3438.00, 3, 'delivered', '2021-04-14', 13, 12),
    (1412, 1146.00, 1, 'delivered', '2021-04-16', 14, 12),
    (1512, 3438.00, 3, 'delivered', '2021-04-19', 15, 12),
    (1612, 1146.00, 1, 'delivered', '2021-04-21', 16, 12),
    (1712, 2292.00, 2, 'delivered', '2021-04-24', 17, 12),
    (1812, 1146.00, 1, 'delivered', '2021-04-26', 18, 12),
    (1912, 8022.00, 7, 'delivered', '2021-05-01', 19, 12),
    (2012, 2292.00, 2, 'delivered', '2021-05-08', 20, 12),
    (2112, 5730.00, 5, 'delivered', '2021-06-03', 21, 12),
    (2212, 8022.00, 7, 'delivered', '2021-06-07', 22, 12),
    (2312, 5730.00, 5, 'delivered', '2021-06-18', 23, 12),
    (2412, 6876.00, 6, 'delivered', '2021-06-30', 24, 12),
    (2512, 1146.00, 1, 'delivered', '2021-07-01', 25, 12),
    (2612, 6876.00, 6, 'delivered', '2021-07-17', 26, 12),
    (2712, 5730.00, 5, 'delivered', '2021-07-19', 27, 12),
    (2812, 4584.00, 4, 'delivered', '2021-07-22', 28, 12),
    (2912, 2292.00, 2, 'delivered', '2021-08-02', 29, 12),
    (3012, 3438.00, 3, 'delivered', '2021-08-05', 30, 12),
    (3112, 4584.00, 4, 'delivered', '2021-08-16', 31, 12),
    (3212, 4584.00, 4, 'delivered', '2021-09-01', 32, 12),
    (3312, 2292.00, 2, 'delivered', '2021-09-09', 33, 12),
    (3412, 1146.00, 1, 'delivered', '2021-09-25', 34, 12),
    (3512, 1146.00, 1, 'delivered', '2021-09-28', 35, 12),
    (3612, 3438.00, 3, 'delivered', '2021-04-07', 36, 12),
    (3712, 2292.00, 2, 'delivered', '2021-04-09', 37, 12),
    (3812, 1146.00, 1, 'delivered', '2021-04-12', 38, 12),
    (3912, 1146.00, 1, 'delivered', '2021-04-15', 39, 12),
    (4012, 2292.00, 2, 'delivered', '2021-04-20', 40, 12),
    (4112, 2292.00, 2, 'delivered', '2021-04-21', 41, 12),
    (4212, 4584.00, 4, 'delivered', '2021-05-10', 42, 12),
    (4312, 8022.00, 7, 'delivered', '2021-05-12', 43, 12),
    (4412, 5730.00, 5, 'delivered', '2021-05-16', 44, 12),
    (4512, 6876.00, 6, 'delivered', '2021-05-18', 45, 12),
    (4612, 4584.00, 4, 'delivered', '2021-06-09', 46, 12),
    (4712, 5730.00, 5, 'delivered', '2021-06-12', 47, 12),
    (4812, 2292.00, 2, 'delivered', '2021-06-18', 48, 12),
    (4912, 4584.00, 4, 'delivered', '2021-06-23', 49, 12),
    (5012, 1146.00, 1, 'delivered', '2021-07-02', 50, 12),
    (5112, 8022.00, 7, 'delivered', '2021-07-10', 51, 12),
    (5212, 5730.00, 5, 'delivered', '2021-07-24', 52, 12),
    (5312, 3438.00, 3, 'delivered', '2021-07-29', 53, 12),
    (5412, 1146.00, 1, 'delivered', '2021-09-01', 54, 12),
    (5512, 3438.00, 3, 'delivered', '2021-09-05', 55, 12),
    (5612, 3438.00, 3, 'delivered', '2021-09-08', 56, 12),
    (5712, 5730.00, 5, 'delivered', '2021-09-10', 57, 12),
    (5812, 8022.00, 7, 'delivered', '2021-09-18', 58, 12),
    (5912, 6876.00, 6, 'delivered', '2021-09-20', 59, 12),
    (6012, 4584.00, 4, 'delivered', '2021-09-27', 60, 12),
    (6112, 1146.00, 1, 'delivered', '2021-04-11', 61, 12),
    (6212, 1146.00, 1, 'delivered', '2021-04-18', 62, 12),
    (6312, 1146.00, 1, 'delivered', '2021-04-22', 63, 12),
    (6412, 1146.00, 1, 'delivered', '2021-04-23', 64, 12),
    (6512, 1146.00, 1, 'delivered', '2021-05-14', 65, 12),
    (6612, 3438.00, 3, 'delivered', '2021-05-18', 66, 12),
    (6712, 6876.00, 6, 'delivered', '2021-05-25', 67, 12),
    (6812, 4584.00, 4, 'delivered', '2021-05-29', 68, 12),
    (6912, 3438.00, 3, 'delivered', '2021-06-02', 69, 12),
    (7012, 6876.00, 6, 'delivered', '2021-06-05', 70, 12),
    (7112, 3438.00, 3, 'delivered', '2021-06-14', 71, 12),
    (7212, 2292.00, 2, 'delivered', '2021-06-18', 72, 12),
    (7312, 8022.00, 7, 'delivered', '2021-06-24', 73, 12),
    (7412, 5730.00, 5, 'delivered', '2021-07-04', 74, 12),
    (7512, 6876.00, 6, 'delivered', '2021-07-06', 75, 12),
    (7612, 2292.00, 2, 'delivered', '2021-07-07', 76, 12),
    (7712, 3438.00, 3, 'delivered', '2021-07-16', 77, 12),
    (7812, 2292.00, 2, 'delivered', '2021-07-22', 78, 12),
    (7912, 8022.00, 7, 'delivered', '2021-07-26', 79, 12),
    (8012, 8022.00, 7, 'delivered', '2021-08-01', 80, 12),
    (8112, 6876.00, 6, 'delivered', '2021-08-04', 81, 12),
    (8212, 5730.00, 5, 'delivered', '2021-08-09', 82, 12),
    (8312, 2292.00, 2, 'delivered', '2021-08-19', 83, 12),
    (8412, 8022.00, 7, 'delivered', '2021-09-11', 84, 12),
    (8512, 3438.00, 3, 'delivered', '2021-09-27', 85, 12),
    (8612, 1146.00, 1, 'delivered', '2021-04-03', 86, 12),
    (8712, 1146.00, 1, 'delivered', '2021-04-20', 87, 12),
    (8812, 2292.00, 2, 'delivered', '2021-05-07', 88, 12),
    (8912, 3438.00, 3, 'delivered', '2021-05-29', 89, 12),
    (9012, 3438.00, 3, 'delivered', '2021-06-05', 90, 12),
    (9112, 8022.00, 7, 'delivered', '2021-06-08', 91, 12),
    (9212, 6876.00, 6, 'delivered', '2021-06-23', 92, 12),
    (9312, 1146.00, 1, 'delivered', '2021-06-24', 93, 12),
    (9412, 4584.00, 4, 'delivered', '2021-06-25', 94, 12),
    (9512, 1146.00, 1, 'delivered', '2021-06-26', 95, 12),
    (9612, 5730.00, 5, 'delivered', '2021-07-04', 96, 12),
    (9712, 4584.00, 4, 'delivered', '2021-08-08', 97, 12),
    (9812, 2292.00, 2, 'delivered', '2021-08-22', 98, 12),
    (9912, 6876.00, 6, 'delivered', '2021-08-24', 99, 12),
    (10012, 8022.00, 7, 'delivered', '2021-08-05', 100, 12),
    (10112, 5730.00, 5, 'delivered', '2021-08-09', 101, 12),
    (10212, 3438.00, 3, 'delivered', '2021-08-10', 102, 12),
    (10312, 3438.00, 3, 'delivered', '2021-08-13', 103, 12),
    (10412, 5730.00, 5, 'delivered', '2021-08-15', 104, 12),
    (10512, 8022.00, 7, 'delivered', '2021-08-17', 105, 12),
    (10612, 4584.00, 4, 'delivered', '2021-08-21', 106, 12),
    (10712, 8022.00, 7, 'delivered', '2021-08-24', 107, 12),
    (10812, 3438.00, 3, 'delivered', '2021-08-16', 108, 12),
    (10912, 6876.00, 6, 'delivered', '2021-08-18', 109, 12),
    (11012, 6876.00, 6, 'delivered', '2021-08-21', 110, 12),
    (11112, 1146.00, 1, 'delivered', '2021-08-01', 111, 12),
    (11212, 5730.00, 5, 'delivered', '2021-08-15', 112, 12),
    (11312, 4584.00, 4, 'delivered', '2021-08-16', 113, 12),
    (11412, 4584.00, 4, 'delivered', '2021-08-01', 114, 12),
    (11512, 6876.00, 6, 'delivered', '2021-08-01', 115, 12),
    (11612, 1146.00, 1, 'delivered', '2021-08-02', 116, 12),
    (11712, 3438.00, 3, 'delivered', '2021-08-05', 117, 12),
    (11812, 4584.00, 4, 'delivered', '2021-08-06', 118, 12),
    (11912, 2292.00, 2, 'delivered', '2021-08-07', 119, 12),
    (12012, 5730.00, 5, 'delivered', '2021-08-08', 120, 12),
    (12112, 1146.00, 1, 'delivered', '2021-08-09', 121, 12),
    (12212, 8022.00, 7, 'delivered', '2021-08-10', 122, 12),
    (12312, 3438.00, 3, 'delivered', '2021-08-12', 123, 12),
    (12412, 2292.00, 2, 'delivered', '2021-08-13', 124, 12),
    (12512, 4584.00, 4, 'delivered', '2021-08-14', 125, 12),
    (12612, 9168.00, 8, 'delivered', '2021-08-15', 126, 12),
    (12712, 9168.00, 8, 'delivered', '2021-08-16', 127, 12),
    (12812, 1146.00, 1, 'delivered', '2021-08-17', 128, 12),
    (12912, 4584.00, 4, 'delivered', '2021-08-18', 129, 12),
    (13012, 9168.00, 8, 'delivered', '2021-08-20', 130, 12),
    (13112, 4584.00, 4, 'delivered', '2021-08-21', 131, 12),
    (13212, 1146.00, 1, 'delivered', '2021-08-22', 132, 12),
    (13312, 2292.00, 2, 'delivered', '2021-08-24', 133, 12),
    (13412, 1146.00, 1, 'delivered', '2021-08-25', 134, 12),
    (13512, 4584.00, 4, 'delivered', '2021-08-26', 135, 12),
    (13612, 6876.00, 6, 'delivered', '2021-08-27', 136, 12),
    (13712, 1146.00, 1, 'delivered', '2021-08-29', 137, 12),
    (13812, 3438.00, 3, 'delivered', '2021-08-30', 138, 12),
    (13912, 2292.00, 2, 'delivered', '2021-08-31', 139, 12),
    (14012, 1146.00, 1, 'delivered', '2021-08-01', 140, 12),
    (14112, 6876.00, 6, 'delivered', '2021-08-02', 141, 12),
    (14212, 2292.00, 2, 'delivered', '2021-08-03', 142, 12),
    (14312, 3438.00, 3, 'delivered', '2021-08-04', 143, 12),
    (14412, 9168.00, 8, 'delivered', '2021-08-10', 144, 12),
    (14512, 3438.00, 3, 'delivered', '2021-08-06', 145, 12),
    (14612, 5730.00, 5, 'delivered', '2021-08-07', 146, 12),
    (14712, 9168.00, 8, 'delivered', '2021-08-08', 147, 12),
    (14812, 8022.00, 7, 'delivered', '2021-08-09', 148, 12),
    (14912, 3438.00, 3, 'delivered', '2021-08-10', 149, 12),
    (15012, 2292.00, 2, 'delivered', '2021-08-12', 150, 12),
    (15112, 6876.00, 6, 'delivered', '2021-08-13', 151, 12),
    (15212, 4584.00, 4, 'delivered', '2021-08-15', 152, 12),
    (15312, 2292.00, 2, 'delivered', '2021-08-16', 153, 12),
    (15412, 5730.00, 5, 'delivered', '2021-08-17', 154, 12),
    (15512, 5730.00, 5, 'delivered', '2021-08-20', 155, 12),
    (15612, 8022.00, 7, 'delivered', '2021-08-22', 156, 12),
    (15712, 8022.00, 7, 'delivered', '2021-08-23', 157, 12),
    (15812, 6876.00, 6, 'delivered', '2021-08-24', 158, 12),
    (15912, 4584.00, 4, 'delivered', '2021-08-25', 159, 12),
    (16012, 2292.00, 2, 'delivered', '2021-08-26', 160, 12),
    (16112, 1146.00, 1, 'delivered', '2021-08-27', 161, 12),
    (16212, 3438.00, 3, 'delivered', '2021-08-29', 162, 12),
    (16312, 6876.00, 6, 'delivered', '2021-08-30', 163, 12),
    (16412, 9168.00, 8, 'delivered', '2021-08-31', 164, 12),
    (16512, 4584.00, 4, 'delivered', '2021-08-01', 165, 12),
    (16612, 3438.00, 3, 'delivered', '2021-08-02', 166, 12),
    (16712, 4584.00, 4, 'delivered', '2021-08-03', 167, 12),
    (16812, 2292.00, 2, 'delivered', '2021-08-05', 168, 12),
    (16912, 8022.00, 7, 'delivered', '2021-08-06', 169, 12),
    (17012, 9168.00, 8, 'delivered', '2021-08-07', 170, 12),
    (17112, 9168.00, 8, 'delivered', '2021-08-09', 171, 12),
    (17212, 4584.00, 4, 'delivered', '2021-08-10', 172, 12),
    (17312, 2292.00, 2, 'delivered', '2021-08-11', 173, 12),
    (17412, 6876.00, 6, 'delivered', '2021-08-12', 174, 12),
    (17512, 5730.00, 5, 'delivered', '2021-08-13', 175, 12),
    (17612, 2292.00, 2, 'delivered', '2021-08-14', 176, 12),
    (17712, 8022.00, 7, 'delivered', '2021-08-16', 177, 12),
    (17812, 4584.00, 4, 'delivered', '2021-08-18', 178, 12),
    (17912, 6876.00, 6, 'delivered', '2021-08-19', 179, 12),
    (18012, 5730.00, 5, 'delivered', '2021-08-20', 180, 12),
    (18112, 5730.00, 5, 'delivered', '2021-08-22', 181, 12),
    (18212, 2292.00, 2, 'delivered', '2021-08-04', 182, 12),
    (18312, 8022.00, 7, 'delivered', '2021-08-16', 183, 12),
    (18412, 1146.00, 1, 'delivered', '2021-08-20', 184, 12),
    (18512, 5730.00, 5, 'delivered', '2021-08-13', 185, 12),
    (18612, 5730.00, 5, 'delivered', '2021-08-01', 186, 12),
    (18712, 1146.00, 1, 'delivered', '2021-08-08', 187, 12),
    (18812, 5730.00, 5, 'delivered', '2021-08-11', 188, 12),
    (18912, 5730.00, 5, 'delivered', '2021-08-14', 189, 12),
    (19012, 4584.00, 4, 'delivered', '2021-08-17', 190, 12),
    (19112, 5730.00, 5, 'delivered', '2021-08-19', 191, 12),
    (19212, 5730.00, 5, 'delivered', '2021-08-04', 192, 12),
    (19312, 1146.00, 1, 'delivered', '2021-08-08', 193, 12),
    (19412, 5730.00, 5, 'delivered', '2021-08-09', 194, 12),
    (19512, 4584.00, 4, 'delivered', '2021-08-24', 195, 12),
    (19612, 1146.00, 1, 'delivered', '2021-08-28', 196, 12),
    (19712, 5730.00, 5, 'delivered', '2021-08-22', 197, 12),
    (19812, 4584.00, 4, 'delivered', '2021-08-12', 198, 12),
    (19912, 2292.00, 2, 'delivered', '2021-08-20', 199, 12),
    (913, 5765.00, 5, 'delivered', '2021-08-08', 9, 13),
    (7213, 8071.00, 7, 'delivered', '2021-08-19', 72, 13),
    (213, 8071.00, 7, 'delivered', '2021-08-27', 2, 13),
    (15414, 27.00, 3, 'delivered', '2021-08-18', 154, 14),
    (3914, 63.00, 7, 'delivered', '2021-08-21', 39, 14),
    (1815, 760.00, 1, 'delivered', '2021-08-24', 18, 15),
    (6715, 1520.00, 2, 'delivered', '2021-08-26', 67, 15),
    (10515, 6840.00, 9, 'delivered', '2021-08-28', 105, 15),
    (6616, 146.00, 2, 'delivered', '2021-08-22', 66, 16),
    (14416, 438.00, 6, 'delivered', '2021-08-25', 144, 16),
    (617, 52.00, 1, 'delivered', '2021-06-29', 6, 17),
    (117, 468.00, 9, 'delivered', '2021-08-13', 1, 17),
    (17417, 312.00, 6, 'delivered', '2021-08-23', 174, 17),
    (15417, 208.00, 4, 'delivered', '2021-08-31', 154, 17),
    (918, 854.00, 1, 'delivered', '2021-08-08', 9, 18),
    (11718, 6832.00, 8, 'delivered', '2021-08-30', 117, 18),
    (319, 1810.00, 2, 'delivered', '2021-08-30', 3, 19),
    (15219, 9050.00, 10, 'delivered', '2021-08-29', 152, 19),
    (9720, 1400.00, 2, 'delivered', '2021-08-12', 97, 20),
    (3420, 5600.00, 8, 'delivered', '2021-08-15', 34, 20),
    (320, 4900.00, 7, 'delivered', '2021-08-20', 3, 20);
    
-- Feedback
INSERT INTO Feedback(UserID, OPID, rating, date_time, comment) VALUES
(1,112,5,'2021-08-22','very good'),
(1,117,4,'2021-08-16','good'),
(2,212,5,'2021-08-10','very good'),
(2,213,5,'2021-08-30','very good'),
(2,23,5,'2021-08-10','very good'),
(2,26,5,'2021-08-10','very good'),
(3,312,5,'2021-09-02','very good'),
(3,319,5,'2021-09-02','very good'),
(3,320,5,'2021-08-23','very good'),
(4,412,5,'2021-08-05','very good'),
(1,55,5,'2021-07-20','very good'),
(2,617,5,'2021-07-02','very good'),
(1,72,5,'2021-06-06','very good'),
(1,74,5,'2021-06-06','very good'),
(2,85,5,'2021-04-24','very good'),
(3,91,5,'2021-08-11','very good'),
(3,94,5,'2021-08-11','very good'),
(3,913,5,'2021-08-11','very good'),
(3,918,3,'2021-08-11','average'),
(4,105,5,'2021-06-15','very good'),
(5,1112,5,'2021-04-13','very good'),
(6,1212,5,'2021-04-15','very good'),
(7,1312,5,'2021-04-17','very good'),
(8,1412,5,'2021-04-19','very good'),
(9,1512,5,'2021-04-22','very good'),
(10,1612,5,'2021-04-24','very good'),
(11,1712,5,'2021-04-27','very good'),
(12,1812,5,'2021-04-29','very good'),
(12,1815,5,'2021-08-27','very good'),
(13,1912,5,'2021-05-04','very good'),
(14,2012,5,'2021-05-11','very good'),
(15,2112,5,'2021-06-06','very good'),
(15,214,5,'2021-08-05','very good'),
(16,2212,1,'2021-06-10','terrible'),
(17,2312,5,'2021-06-21','very good'),
(18,2412,5,'2021-07-03','very good'),
(19,2512,5,'2021-07-04','very good'),
(20,2612,5,'2021-07-20','very good'),
(21,2712,5,'2021-07-22','very good'),
(22,2812,5,'2021-07-25','very good'),
(23,2912,5,'2021-08-05','very good'),
(24,3012,5,'2021-08-08','very good'),
(25,3110,5,'2021-08-07','very good'),
(25,3112,5,'2021-08-19','very good'),
(26,3212,5,'2021-09-04','very good'),
(27,3312,5,'2021-09-12','very good'),
(28,3412,5,'2021-09-28','very good'),
(28,3420,5,'2021-08-18','very good'),
(29,3512,5,'2021-10-01','very good'),
(30,3612,5,'2021-04-10','very good'),
(31,3712,5,'2021-04-12','very good'),
(32,3812,5,'2021-04-15','very good'),
(33,3912,5,'2021-04-18','very good'),
(33,3914,5,'2021-08-24','very good'),
(34,4012,5,'2021-04-23','very good'),
(35,4112,5,'2021-04-24','very good'),
(36,4212,5,'2021-05-13','very good'),
(37,4312,1,'2021-05-15','terrible'),
(38,4412,5,'2021-05-19','very good'),
(39,4512,5,'2021-05-21','very good'),
(40,4612,5,'2021-06-12','very good'),
(41,4712,5,'2021-06-15','very good'),
(42,4812,5,'2021-06-21','very good'),
(43,4912,5,'2021-06-26','very good'),
(44,5012,5,'2021-07-05','very good'),
(45,5112,5,'2021-07-13','very good'),
(45,515,5,'2021-09-03','very good'),
(45,518,5,'2021-08-29','very good'),
(46,5212,5,'2021-07-27','very good'),
(47,5312,5,'2021-08-01','very good'),
(48,5412,5,'2021-09-04','very good'),
(49,5512,5,'2021-09-08','very good'),
(50,5612,5,'2021-09-11','very good'),
(51,5712,5,'2021-09-13','very good'),
(52,5812,5,'2021-09-21','very good'),
(53,5912,5,'2021-09-23','very good'),
(54,6012,5,'2021-09-30','very good'),
(55,6112,5,'2021-04-14','very good'),
(56,6212,5,'2021-04-21','very good'),
(57,6312,5,'2021-04-25','very good'),
(58,6412,5,'2021-04-26','very good'),
(58,648,5,'2021-08-24','very good'),
(59,6512,5,'2021-05-17','very good'),
(60,6612,5,'2021-05-21','very good'),
(60,6616,5,'2021-08-25','very good'),
(61,6712,5,'2021-05-28','very good'),
(61,6715,5,'2021-08-29','very good'),
(62,6812,5,'2021-06-01','very good'),
(63,6912,5,'2021-06-05','very good'),
(64,7012,5,'2021-06-08','very good'),
(65,7112,5,'2021-06-17','very good'),
(66,7212,5,'2021-06-21','very good'),
(66,7213,5,'2021-08-22','very good'),
(67,7312,5,'2021-06-27','very good'),
(68,7412,5,'2021-07-07','very good'),
(69,7512,5,'2021-07-09','very good'),
(69,751,5,'2021-08-31','very good'),
(70,7612,5,'2021-07-10','very good'),
(71,7712,5,'2021-07-19','very good'),
(72,7812,5,'2021-07-25','very good'),
(73,7912,5,'2021-07-29','very good'),
(74,8012,5,'2021-08-04','very good'),
(75,8112,5,'2021-08-07','very good'),
(76,8212,5,'2021-08-12','very good'),
(77,8312,5,'2021-08-22','very good'),
(78,8412,5,'2021-09-14','very good'),
(79,8512,5,'2021-09-30','very good'),
(80,8612,5,'2021-04-06','very good'),
(81,8712,5,'2021-04-23','very good'),
(82,8811,5,'2021-08-25','very good'),
(82,8812,5,'2021-05-10','very good'),
(83,8912,5,'2021-06-01','very good'),
(84,9012,5,'2021-06-08','very good'),
(85,9112,5,'2021-06-11','very good'),
(86,9212,5,'2021-06-26','very good'),
(87,9312,5,'2021-06-27','very good'),
(88,9412,5,'2021-06-28','very good'),
(89,9512,5,'2021-06-29','very good'),
(90,9612,5,'2021-07-07','very good'),
(91,9712,5,'2021-08-11','very good'),
(91,9720,4,'2021-08-15','good'),
(92,9812,5,'2021-08-25','very good'),
(93,9912,5,'2021-08-27','very good'),
(93,991,5,'2021-08-09','very good'),
(94,10012,5,'2021-08-08','very good'),
(95,10112,2,'2021-08-12','bad'),
(96,10212,5,'2021-08-13','very good'),
(96,1028,5,'2021-08-11','very good'),
(97,10310,5,'2021-09-01','very good'),
(97,10312,5,'2021-08-16','very good'),
(98,10412,5,'2021-08-18','very good'),
(99,10512,1,'2021-08-20','terrible'),
(99,10515,5,'2021-08-31','very good'),
(100,10612,5,'2021-08-24','very good'),
(101,10712,5,'2021-08-27','very good'),
(102,10812,5,'2021-08-19','very good'),
(103,10912,5,'2021-08-21','very good'),
(104,11012,5,'2021-08-24','very good'),
(105,11112,3,'2021-08-04','average'),
(106,11212,5,'2021-08-18','very good'),
(107,11312,5,'2021-08-19','very good'),
(108,11412,5,'2021-08-04','very good'),
(109,11512,5,'2021-08-04','very good'),
(109,1153,5,'2021-08-10','very good'),
(110,11612,3,'2021-08-05','average'),
(111,11712,5,'2021-08-08','very good'),
(111,11718,5,'2021-09-02','very good'),
(112,11812,5,'2021-08-09','very good'),
(113,11912,1,'2021-08-10','terrible'),
(114,12012,5,'2021-08-11','very good'),
(1,12112,5,'2021-08-12','very good'),
(2,12212,5,'2021-08-13','very good'),
(3,12312,2,'2021-08-15','bad'),
(4,12412,5,'2021-08-16','very good'),
(5,12512,5,'2021-08-17','very good'),
(6,12612,5,'2021-08-18','very good'),
(7,12712,5,'2021-08-19','very good'),
(8,12812,3,'2021-08-20','average'),
(9,12912,5,'2021-08-21','very good'),
(10,13012,5,'2021-08-23','very good'),
(11,13112,5,'2021-08-24','very good'),
(12,13212,5,'2021-08-25','very good'),
(12,1321,5,'2021-08-28','very good'),
(13,13312,5,'2021-08-27','very good'),
(14,13412,5,'2021-08-28','very good'),
(15,13512,5,'2021-08-29','very good'),
(16,13612,5,'2021-08-30','very good'),
(17,13712,4,'2021-09-01','good'),
(18,13812,5,'2021-09-02','very good'),
(19,13912,5,'2021-09-03','very good'),
(20,14012,5,'2021-08-04','very good'),
(21,14112,5,'2021-08-05','very good'),
(22,14212,5,'2021-08-06','very good'),
(22,1422,5,'2021-09-02','very good'),
(23,14312,5,'2021-08-07','very good'),
(24,14412,5,'2021-08-13','very good'),
(24,14416,5,'2021-08-28','very good'),
(25,14512,5,'2021-08-09','very good'),
(26,14612,5,'2021-08-10','very good'),
(27,14712,5,'2021-08-11','very good'),
(28,14812,5,'2021-08-12','very good'),
(29,14912,5,'2021-08-13','very good'),
(30,15012,5,'2021-08-15','very good'),
(31,15112,5,'2021-08-16','very good'),
(32,15212,5,'2021-08-18','very good'),
(32,15219,5,'2021-09-01','very good'),
(33,15312,5,'2021-08-19','very good'),
(34,15412,5,'2021-08-20','very good'),
(34,15414,5,'2021-08-21','very good'),
(34,15417,5,'2021-09-03','very good'),
(35,15512,5,'2021-08-23','very good'),
(36,15612,5,'2021-08-25','very good'),
(37,15712,5,'2021-08-26','very good'),
(38,15812,5,'2021-08-27','very good'),
(39,15912,5,'2021-08-28','very good'),
(40,16012,5,'2021-08-29','very good'),
(41,16112,5,'2021-08-30','very good'),
(42,16212,5,'2021-09-01','very good'),
(43,16312,5,'2021-09-02','very good'),
(44,16412,5,'2021-09-03','very good'),
(45,16512,3,'2021-08-04','average'),
(46,16612,5,'2021-08-05','very good'),
(47,16712,5,'2021-08-06','very good'),
(48,16812,5,'2021-08-08','very good'),
(49,16912,5,'2021-08-09','very good'),
(49,1691,5,'2021-08-26','very good'),
(50,17012,5,'2021-08-10','very good'),
(51,17112,5,'2021-08-12','very good'),
(52,17212,5,'2021-08-13','very good'),
(52,1725,5,'2021-08-12','very good'),
(53,17312,5,'2021-08-14','very good'),
(54,17412,5,'2021-08-15','very good'),
(54,17417,5,'2021-08-26','very good'),
(55,17512,5,'2021-08-16','very good'),
(56,17612,5,'2021-08-17','very good'),
(57,17712,5,'2021-08-19','very good'),
(58,17812,5,'2021-08-21','very good'),
(59,17912,5,'2021-08-22','very good'),
(60,18012,5,'2021-08-23','very good'),
(61,18112,5,'2021-08-25','very good'),
(62,18212,5,'2021-08-07','very good'),
(63,18312,5,'2021-08-19','very good'),
(64,18412,5,'2021-08-23','very good'),
(65,18512,5,'2021-08-16','very good'),
(66,18612,5,'2021-08-04','very good'),
(67,18712,5,'2021-08-11','very good'),
(68,18812,5,'2021-08-14','very good'),
(69,18912,5,'2021-08-17','very good'),
(70,19012,5,'2021-08-20','very good'),
(71,19112,5,'2021-08-22','very good'),
(72,19212,5,'2021-08-07','very good'),
(73,19312,5,'2021-08-11','very good'),
(74,19412,5,'2021-08-12','very good'),
(75,19512,5,'2021-08-27','very good'),
(76,19612,5,'2021-08-31','very good'),
(77,19712,5,'2021-08-25','very good'),
(78,19812,5,'2021-08-15','very good'),
(79,19912,5,'2021-08-23','very good');

--Complaints
INSERT INTO Complaints(text, filed_date_time, status, EmployeeID, UserID, handled_date_time) VALUES
('Order came late','2021-09-19 11:23:50 AM', 'Addressed', 1 ,1 ,'2021-10-19 12:28:50 AM'),
('Products damaged on arrivial','2021-08-07 07:00', 'Pending', NULL ,2 , NULL),
('Missing Products','2021-08-30 13:24:28', 'Addressed', 3 ,3 ,'2021-08-31 14:00:25'),
('I want a refund','2021-08-30 10:22:50', 'Addressed', 3 ,4 ,'2021-09-02 14:22:50'),
('Packinging Damage','2021-07-17 15:23:40', 'Being Handled', 4 ,1 , NULL), 
('Diageo is not good','2021-06-29 18:56:25', 'Addressed', 6 ,1 ,'2021-07-02 13:05:54'), 
('Epitex needs improvement','2021-06-03 09:24:43', 'Being Handled', 7 ,2 , NULL), 
('Tinec too expensive','2021-04-21 17:43:12', 'Pending', NULL ,3 ,NULL), 
('Nintendo overrated','2021-08-08 10:21:25', 'Addressed', 9 ,4 ,'2021-08-09 10:21:25'), 
('Dibea needs better customer service','2021-10-08 13:24:25', 'Being Handled', 9 ,5 ,NULL),
('Order came late','2021-04-12 12:00:25', 'Addressed', 9 ,5 ,'2021-04-12 18:00:25'), 
('Products damaged on arrivial','2021-04-13 07:00:45', 'Pending', NULL ,6 , NULL), 
('Missing Products','2021-04-14 11:23:43', 'Addressed', 3 ,7 ,'2021-04-17 11:23:43'), 
('I want a refund','2021-04-16 15:23:34', 'Addressed', 6 ,8 ,'2021-04-19 15:23:34'), 
('Packinging Damage','2021-04-21 19:56:34', 'Being Handled', 4 ,9 , NULL), 
('Diageo is not good','2021-12-12 08:23:12 ', 'Addressed', 9 ,1 ,'2021-12-13 08:23:12 '), 
('Epitex needs improvement','2021-09-23 10:24:23', 'Being Handled', 3 ,1 , NULL), 
('Tinec too expensive','2021-04-22 17:23:22', 'Pending', NULL ,1 , NULL), 
('Nintendo overrated','2021-08-09 19:23:12', 'Addressed', 9 ,1 ,'2021-08-10 20:23:12'), 
('Dibea needs better customer service','2021-06-12 23:12:23', 'Being Handled', 3 ,1 , NULL);

--Complaints ON SHOPS
INSERT INTO ComplaintsOnShops(ComplaintID, ShopName, filed_date_time, UserID) VALUES
(6,'Diageo' ,'2021-06-29 18:56:25', 1),
(7,'Epitex' ,'2021-06-03 09:24:43', 2),
(8,'Tinec' ,'2021-04-21 17:43:12', 3),
(9,'Nintendo' ,'2021-08-08 10:21:25', 4),
(10,'Dibea' ,'2021-10-08 13:24:25', 5),
(16,'Diageo' ,'2021-12-12 08:23:12 ', 1),
(17,'Epitex' ,'2021-09-23 10:24:23', 1),
(18,'Tinec' ,'2021-04-22 17:23:22', 1),
(19,'Nintendo' ,'2021-08-09 19:23:12', 1),
(20,'Dibea' ,'2021-06-12 23:12:23', 1);

--Complaints ON ORDERS
INSERT INTO ComplaintsOnOrders(ComplaintID, OID, filed_date_time, UserID) VALUES
(1, 1 ,'2021-09-19 11:23:50', 1),
(2, 2 ,'2021-08-07 07:00:23', 2),
(3, 3 ,'2021-08-30 13:24:28', 3),
(4, 4 ,'2021-08-30 10:22:50', 4),
(5, 5 ,'2021-07-17 15:23:40', 1),
(11, 11 ,'2021-04-12 12:00:25', 5),
(12, 12 ,'2021-04-13 07:00:45', 6),
(13, 13 ,'2021-04-14 11:23:43', 7),
(14, 14 ,'2021-04-16 15:23:34', 8),
(15, 15 ,'2021-04-21 19:56:34', 9);